{
  "total_return": -0.08888211013033687,
  "sharpe_ratio": -0.2490369035317468,
  "sortino_ratio": -0.30166761974551487,
  "max_drawdown": 0.17375608166511036,
  "win_rate": 0.47150259067357514,
  "profit_factor": 0.8015868239015661,
  "avg_win": 0.10864161909141908,
  "avg_loss": -0.10910192085964311,
  "avg_holding_days": 107.68911917098445,
  "total_trades": 193,
  "per_trade_expectancy": -0.00643527767028218
}