{
  "bh_return": 0.3953464096489584,
  "best_strategy": "Trend 1.5/0.5",
  "best_return": 2.4847457437958735,
  "excess": 2.0893993341469153,
  "beats_bh": 