{
  "params": {
    "tp": 0.2,
    "sl": 0.15,
    "max_days": 60,
    "rsi": 30.0,
    "pos": 0.08
  },
  "return": 0.10401850069053897,
  "bh": 0.39534644183574247,
  "excess": -0.2913279411452035,
  "sharpe": 0.45916802969577336,
  "max_dd": 0.07883115919935191,
  "win_rate": 0.4878048780487805,
  "pf": 1.271199419267801,
  "trades": 164
}